-- Insert data into Season
INSERT INTO [TTS.Season] VALUES ('S01', '2021');
INSERT INTO [TTS.Season] VALUES ('S02', '2022');
INSERT INTO [TTS.Season] VALUES ('S03', '2023');

-- Insert data into Match
-- Season 2023 (S03)
INSERT INTO [TTS.Match] VALUES ('M012023', 'S03', '2023-08-24');
INSERT INTO [TTS.Match] VALUES ('M022023', 'S03', '2023-08-27');
INSERT INTO [TTS.Match] VALUES ('M032023', 'S03', '2023-09-01');
INSERT INTO [TTS.Match] VALUES ('M042023', 'S03', '2023-09-04');
INSERT INTO [TTS.Match] VALUES ('M052023', 'S03', '2023-09-14');
INSERT INTO [TTS.Match] VALUES ('M062023', 'S03', '2023-09-19');
INSERT INTO [TTS.Match] VALUES ('M072023', 'S03', '2023-09-24');
INSERT INTO [TTS.Match] VALUES ('M082023', 'S03', '2023-09-29');
INSERT INTO [TTS.Match] VALUES ('M092023', 'S03', '2023-10-03');
INSERT INTO [TTS.Match] VALUES ('M102023', 'S03', '2023-10-07');
INSERT INTO [TTS.Match] VALUES ('M112023', 'S03', '2023-10-10');
INSERT INTO [TTS.Match] VALUES ('M122023', 'S03', '2023-10-15');
INSERT INTO [TTS.Match] VALUES ('M132023', 'S03', '2023-10-20');
INSERT INTO [TTS.Match] VALUES ('M142023', 'S03', '2023-10-24');
INSERT INTO [TTS.Match] VALUES ('M152023', 'S03', '2023-10-29');

-- Season 2022 (S02)
INSERT INTO [TTS.Match] VALUES ('M012022', 'S02', '2022-08-25');
INSERT INTO [TTS.Match] VALUES ('M022022', 'S02', '2022-08-28');
INSERT INTO [TTS.Match] VALUES ('M032022', 'S02', '2022-09-02');
INSERT INTO [TTS.Match] VALUES ('M042022', 'S02', '2022-09-05');
INSERT INTO [TTS.Match] VALUES ('M052022', 'S02', '2022-09-10');
INSERT INTO [TTS.Match] VALUES ('M062022', 'S02', '2022-09-16');
INSERT INTO [TTS.Match] VALUES ('M072022', 'S02', '2022-09-20');
INSERT INTO [TTS.Match] VALUES ('M082022', 'S02', '2022-09-25');
INSERT INTO [TTS.Match] VALUES ('M092022', 'S02', '2022-09-30');
INSERT INTO [TTS.Match] VALUES ('M102022', 'S02', '2022-10-04');
INSERT INTO [TTS.Match] VALUES ('M112022', 'S02', '2022-10-09');
INSERT INTO [TTS.Match] VALUES ('M122022', 'S02', '2022-10-14');
INSERT INTO [TTS.Match] VALUES ('M132022', 'S02', '2022-10-17');
INSERT INTO [TTS.Match] VALUES ('M142022', 'S02', '2022-10-21');
INSERT INTO [TTS.Match] VALUES ('M152022', 'S02', '2022-10-25');
INSERT INTO [TTS.Match] VALUES ('M162022', 'S02', '2022-10-30');
INSERT INTO [TTS.Match] VALUES ('M172022', 'S02', '2022-11-04');
INSERT INTO [TTS.Match] VALUES ('M182022', 'S02', '2022-11-09');
INSERT INTO [TTS.Match] VALUES ('M192022', 'S02', '2022-11-17');
INSERT INTO [TTS.Match] VALUES ('M202022', 'S02', '2022-11-20');

-- Season 2021 (S01)
INSERT INTO [TTS.Match] VALUES ('M012021', 'S01', '2021-08-20');
INSERT INTO [TTS.Match] VALUES ('M022021', 'S01', '2021-08-27');
INSERT INTO [TTS.Match] VALUES ('M032021', 'S01', '2021-09-03');
INSERT INTO [TTS.Match] VALUES ('M042021', 'S01', '2021-09-10');
INSERT INTO [TTS.Match] VALUES ('M052021', 'S01', '2021-09-17');
INSERT INTO [TTS.Match] VALUES ('M062021', 'S01', '2021-09-24');
INSERT INTO [TTS.Match] VALUES ('M072021', 'S01', '2021-10-01');
INSERT INTO [TTS.Match] VALUES ('M082021', 'S01', '2021-10-08');
INSERT INTO [TTS.Match] VALUES ('M092021', 'S01', '2021-10-15');
INSERT INTO [TTS.Match] VALUES ('M102021', 'S01', '2021-10-22');
INSERT INTO [TTS.Match] VALUES ('M112021', 'S01', '2021-10-29');
INSERT INTO [TTS.Match] VALUES ('M122021', 'S01', '2021-11-05');
INSERT INTO [TTS.Match] VALUES ('M132021', 'S01', '2021-11-12');
INSERT INTO [TTS.Match] VALUES ('M142021', 'S01', '2021-11-19');
INSERT INTO [TTS.Match] VALUES ('M152021', 'S01', '2021-11-26');
INSERT INTO [TTS.Match] VALUES ('M162021', 'S01', '2021-12-03');
INSERT INTO [TTS.Match] VALUES ('M172021', 'S01', '2021-12-10');
INSERT INTO [TTS.Match] VALUES ('M182021', 'S01', '2021-12-17');

-- Insert data into Performance
INSERT INTO [TTS.Performance] VALUES ('P01', 'S03', 75, 97, 11, 9, 4, 0, 4, 4, 2, 0, 4, 1);
INSERT INTO [TTS.Performance] VALUES ('P02', 'S02', 119, 119, 18, 21, 6, 4, 7, 3, 3, 3, 1, 2);
INSERT INTO [TTS.Performance] VALUES ('P03', 'S01', 114, 131, 12, 16, 5, 2, 8, 0, 2, 3, 3, 0);

-- Insert data into Opponent
INSERT INTO [TTS.Opponent] VALUES ('OP012023', 'Missouri St.');
INSERT INTO [TTS.Opponent] VALUES ('OP022023', 'UNC Greensboro');
INSERT INTO [TTS.Opponent] VALUES ('OP032023', 'Wake Forest');
INSERT INTO [TTS.Opponent] VALUES ('OP042023', 'Virginia');
INSERT INTO [TTS.Opponent] VALUES ('OP052023', 'Michigan');
INSERT INTO [TTS.Opponent] VALUES ('OP062023', 'Penn St.');
INSERT INTO [TTS.Opponent] VALUES ('OP072023', 'Wisconsin');
INSERT INTO [TTS.Opponent] VALUES ('OP082023', 'Northwestern');
INSERT INTO [TTS.Opponent] VALUES ('OP092023', 'Rutgers');
INSERT INTO [TTS.Opponent] VALUES ('OP102023', 'Bowling Green');
INSERT INTO [TTS.Opponent] VALUES ('OP112023', 'Villanova');
INSERT INTO [TTS.Opponent] VALUES ('OP122023', 'Michigan St.');
INSERT INTO [TTS.Opponent] VALUES ('OP132023', 'Indiana');
INSERT INTO [TTS.Opponent] VALUES ('OP142023', 'Navy');
INSERT INTO [TTS.Opponent] VALUES ('OP152023', 'Ohio St.');
INSERT INTO [TTS.Opponent] VALUES ('OP012022', 'New Hampshire');
INSERT INTO [TTS.Opponent] VALUES ('OP022022', 'Liberty');
INSERT INTO [TTS.Opponent] VALUES ('OP032022', 'Denver');
INSERT INTO [TTS.Opponent] VALUES ('OP042022', 'Virginia');
INSERT INTO [TTS.Opponent] VALUES ('OP052022', 'Georgetown');
INSERT INTO [TTS.Opponent] VALUES ('OP062022', 'Michigan');
INSERT INTO [TTS.Opponent] VALUES ('OP072022', 'Penn St.');
INSERT INTO [TTS.Opponent] VALUES ('OP082022', 'Ohio St.');
INSERT INTO [TTS.Opponent] VALUES ('OP092022', 'Old Dominion');
INSERT INTO [TTS.Opponent] VALUES ('OP102022', 'Rutgers');
INSERT INTO [TTS.Opponent] VALUES ('OP112022', 'Northwestern');
INSERT INTO [TTS.Opponent] VALUES ('OP122022', 'Wisconsin');
INSERT INTO [TTS.Opponent] VALUES ('OP132022', 'High Point');
INSERT INTO [TTS.Opponent] VALUES ('OP142022', 'Michigan St.');
INSERT INTO [TTS.Opponent] VALUES ('OP152022', 'Delaware');
INSERT INTO [TTS.Opponent] VALUES ('OP162022', 'Indiana');
INSERT INTO [TTS.Opponent] VALUES ('OP172022', 'Northwestern');
INSERT INTO [TTS.Opponent] VALUES ('OP182022', 'Indiana');
INSERT INTO [TTS.Opponent] VALUES ('OP192022', 'Fairleigh Dickinson');
INSERT INTO [TTS.Opponent] VALUES ('OP202022', 'Cornell');
INSERT INTO [TTS.Opponent] VALUES ('OP012021', 'Charlotte');
INSERT INTO [TTS.Opponent] VALUES ('OP022021', 'UMBC');
INSERT INTO [TTS.Opponent] VALUES ('OP032021', 'George Mason');
INSERT INTO [TTS.Opponent] VALUES ('OP042021', 'Virginia');
INSERT INTO [TTS.Opponent] VALUES ('OP052021', 'Georgetown');
INSERT INTO [TTS.Opponent] VALUES ('OP062021', 'Michigan');
INSERT INTO [TTS.Opponent] VALUES ('OP072021', 'High Point');
INSERT INTO [TTS.Opponent] VALUES ('OP082021', 'Ohio St.');
INSERT INTO [TTS.Opponent] VALUES ('OP092021', 'Rutgers');
INSERT INTO [TTS.Opponent] VALUES ('OP102021', 'Wisconsin');
INSERT INTO [TTS.Opponent] VALUES ('OP112021', 'Northwestern');
INSERT INTO [TTS.Opponent] VALUES ('OP122021', 'Delaware');
INSERT INTO [TTS.Opponent] VALUES ('OP132021', 'Pacific');
INSERT INTO [TTS.Opponent] VALUES ('OP142021', 'Michigan St.');
INSERT INTO [TTS.Opponent] VALUES ('OP152021', 'Penn St.');
INSERT INTO [TTS.Opponent] VALUES ('OP162021', 'Indiana');
INSERT INTO [TTS.Opponent] VALUES ('OP172021', 'Northwestern');
INSERT INTO [TTS.Opponent] VALUES ('OP182021', 'LIU');

-- Insert data into Statistics
-- Season 2023 (S03)
INSERT INTO [TTS.Statistics] VALUES ('S012023', 'M012023', 'OP012023', 2, 0, 6, 1);
INSERT INTO [TTS.Statistics] VALUES ('S022023', 'M022023', 'OP022023', 11, 2, 9, 0);
INSERT INTO [TTS.Statistics] VALUES ('S032023', 'M032023', 'OP032023', 10, 0, 7, 0);
INSERT INTO [TTS.Statistics] VALUES ('S042023', 'M042023', 'OP042023', 13, 1, 16, 2);
INSERT INTO [TTS.Statistics] VALUES ('S052023', 'M052023', 'OP052023', 15, 2, 6, 2);
INSERT INTO [TTS.Statistics] VALUES ('S062023', 'M062023', 'OP062023', 9, 0, 10, 1);
INSERT INTO [TTS.Statistics] VALUES ('S072023', 'M072023', 'OP072023', 5, 0, 9, 1);
INSERT INTO [TTS.Statistics] VALUES ('S082023', 'M082023', 'OP082023', 15, 0, 10, 2);
INSERT INTO [TTS.Statistics] VALUES ('S092023', 'M092023', 'OP092023', 20, 1, 7, 2);
INSERT INTO [TTS.Statistics] VALUES ('S102023', 'M102023', 'OP102023', 8, 1, 7, 0);
INSERT INTO [TTS.Statistics] VALUES ('S112023', 'M112023', 'OP112023', 29, 6, 13, 4);
INSERT INTO [TTS.Statistics] VALUES ('S122023', 'M122023', 'OP122023', 10, 2, 15, 2);
INSERT INTO [TTS.Statistics] VALUES ('S132023', 'M132023', 'OP132023', 9, 1, 5, 2);
INSERT INTO [TTS.Statistics] VALUES ('S142023', 'M142023', 'OP142023', 11, 3, 9, 0);
INSERT INTO [TTS.Statistics] VALUES ('S152023', 'M152023', 'OP152023', 5, 1, 17, 4);

-- Season 2022 (S02)
INSERT INTO [TTS.Statistics] VALUES ('S012022', 'M012022', 'OP012022', 9, 2, 9, 1);
INSERT INTO [TTS.Statistics] VALUES ('S022022', 'M022022', 'OP022022', 16, 1, 2, 1);
INSERT INTO [TTS.Statistics] VALUES ('S032022', 'M032022', 'OP032022', 10, 0, 9, 2);
INSERT INTO [TTS.Statistics] VALUES ('S042022', 'M042022', 'OP042022', 15, 6, 14, 1);
INSERT INTO [TTS.Statistics] VALUES ('S052022', 'M052022', 'OP052022', 14, 2, 18, 1);
INSERT INTO [TTS.Statistics] VALUES ('S062022', 'M062022', 'OP062022', 15, 2, 15, 1);
INSERT INTO [TTS.Statistics] VALUES ('S072022', 'M072022', 'OP072022', 19, 3, 8, 3);
INSERT INTO [TTS.Statistics] VALUES ('S082022', 'M082022', 'OP082022', 5, 1, 9, 0);
INSERT INTO [TTS.Statistics] VALUES ('S092022', 'M092022', 'OP092022', 12, 1, 8, 0);
INSERT INTO [TTS.Statistics] VALUES ('S102022', 'M102022', 'OP102022', 7, 3, 13, 2);
INSERT INTO [TTS.Statistics] VALUES ('S112022', 'M112022', 'OP112022', 15, 1, 8, 1);
INSERT INTO [TTS.Statistics] VALUES ('S122022', 'M122022', 'OP122022', 17, 2, 6, 2);
INSERT INTO [TTS.Statistics] VALUES ('S132022', 'M132022', 'OP132022', 10, 1, 5, 2);
INSERT INTO [TTS.Statistics] VALUES ('S142022', 'M142022', 'OP142022', 13, 1, 0, 0);
INSERT INTO [TTS.Statistics] VALUES ('S152022', 'M152022', 'OP152022', 10, 4, 5, 1);
INSERT INTO [TTS.Statistics] VALUES ('S162022', 'M162022', 'OP162022', 12, 1, 6, 1);
INSERT INTO [TTS.Statistics] VALUES ('S172022', 'M172022', 'OP172022', 13, 1, 5, 0);
INSERT INTO [TTS.Statistics] VALUES ('S182022', 'M182022', 'OP182022', 9, 1, 5, 2);
INSERT INTO [TTS.Statistics] VALUES ('S192022', 'M192022', 'OP192022', 12, 5, 9, 2);
INSERT INTO [TTS.Statistics] VALUES ('S202022', 'M202022', 'OP202022', 5, 1, 11, 2);

-- Season 2021 (S01)
INSERT INTO [TTS.Statistics] VALUES ('S012021', 'M012021', 'OP012021', 14, 1, 6, 0);
INSERT INTO [TTS.Statistics] VALUES ('S022021', 'M022021', 'OP022021', 17, 4, 7, 3);
INSERT INTO [TTS.Statistics] VALUES ('S032021', 'M032021', 'OP032021', 12, 2, 4, 0);
INSERT INTO [TTS.Statistics] VALUES ('S042021', 'M042021', 'OP042021', 18, 2, 3, 1);
INSERT INTO [TTS.Statistics] VALUES ('S052021', 'M052021', 'OP052021', 8, 0, 21, 1);
INSERT INTO [TTS.Statistics] VALUES ('S062021', 'M062021', 'OP062021', 16, 2, 6, 1);
INSERT INTO [TTS.Statistics] VALUES ('S072021', 'M072021', 'OP072021', 14, 2, 5, 0);
INSERT INTO [TTS.Statistics] VALUES ('S082021', 'M082021', 'OP082021', 13, 2, 12, 1);
INSERT INTO [TTS.Statistics] VALUES ('S092021', 'M092021', 'OP092021', 14, 0, 9, 0);
INSERT INTO [TTS.Statistics] VALUES ('S102021', 'M102021', 'OP102021', 7, 0, 11, 1);
INSERT INTO [TTS.Statistics] VALUES ('S112021', 'M112021', 'OP112021', 26, 3, 4, 1);
INSERT INTO [TTS.Statistics] VALUES ('S122021', 'M122021', 'OP122021', 17, 1, 4, 0);
INSERT INTO [TTS.Statistics] VALUES ('S132021', 'M132021', 'OP132021', 14, 3, 5, 0);
INSERT INTO [TTS.Statistics] VALUES ('S142021', 'M142021', 'OP142021', 10, 3, 14, 1);
INSERT INTO [TTS.Statistics] VALUES ('S152021', 'M152021', 'OP152021', 11, 2, 20, 3);
INSERT INTO [TTS.Statistics] VALUES ('S162021', 'M162021', 'OP162021', 17, 2, 9, 0);
INSERT INTO [TTS.Statistics] VALUES ('S172021', 'M172021', 'OP172021', 20, 0, 8, 0);
INSERT INTO [TTS.Statistics] VALUES ('S182021', 'M182021', 'OP182021', 8, 0, 5, 1);

-- Insert data into Play
-- Season 2023
INSERT INTO [TTS.Play] VALUES ('M012023', 'OP012023'); -- Missouri St.
INSERT INTO [TTS.Play] VALUES ('M022023', 'OP022023'); -- UNC Greensboro
INSERT INTO [TTS.Play] VALUES ('M032023', 'OP032023'); -- Wake Forest
INSERT INTO [TTS.Play] VALUES ('M042023', 'OP042023'); -- Virginia
INSERT INTO [TTS.Play] VALUES ('M052023', 'OP052023'); -- Michigan
INSERT INTO [TTS.Play] VALUES ('M062023', 'OP062023'); -- Penn St.
INSERT INTO [TTS.Play] VALUES ('M072023', 'OP072023'); -- Wisconsin
INSERT INTO [TTS.Play] VALUES ('M082023', 'OP082023'); -- Northwestern
INSERT INTO [TTS.Play] VALUES ('M092023', 'OP092023'); -- Rutgers
INSERT INTO [TTS.Play] VALUES ('M102023', 'OP102023'); -- Bowling Green
INSERT INTO [TTS.Play] VALUES ('M112023', 'OP112023'); -- Villanova
INSERT INTO [TTS.Play] VALUES ('M122023', 'OP122023'); -- Michigan St.
INSERT INTO [TTS.Play] VALUES ('M132023', 'OP132023'); -- Indiana
INSERT INTO [TTS.Play] VALUES ('M142023', 'OP142023'); -- Navy
INSERT INTO [TTS.Play] VALUES ('M152023', 'OP152023'); -- Ohio St.

-- Season 2022
INSERT INTO [TTS.Play] VALUES ('M012022', 'OP012022'); -- New Hampshire
INSERT INTO [TTS.Play] VALUES ('M022022', 'OP022022'); -- Liberty
INSERT INTO [TTS.Play] VALUES ('M032022', 'OP032022'); -- Denver
INSERT INTO [TTS.Play] VALUES ('M042022', 'OP042022'); -- Virginia
INSERT INTO [TTS.Play] VALUES ('M052022', 'OP052022'); -- Georgetown
INSERT INTO [TTS.Play] VALUES ('M062022', 'OP062022'); -- Michigan
INSERT INTO [TTS.Play] VALUES ('M072022', 'OP072022'); -- Penn St.
INSERT INTO [TTS.Play] VALUES ('M082022', 'OP082022'); -- Ohio St.
INSERT INTO [TTS.Play] VALUES ('M092022', 'OP092022'); -- Old Dominion
INSERT INTO [TTS.Play] VALUES ('M102022', 'OP102022'); -- Rutgers
INSERT INTO [TTS.Play] VALUES ('M112022', 'OP112022'); -- Northwestern
INSERT INTO [TTS.Play] VALUES ('M122022', 'OP122022'); -- Wisconsin
INSERT INTO [TTS.Play] VALUES ('M132022', 'OP132022'); -- High Point
INSERT INTO [TTS.Play] VALUES ('M142022', 'OP142022'); -- Michigan St.
INSERT INTO [TTS.Play] VALUES ('M152022', 'OP152022'); -- Delaware
INSERT INTO [TTS.Play] VALUES ('M162022', 'OP162022'); -- Indiana
INSERT INTO [TTS.Play] VALUES ('M172022', 'OP172022'); -- Northwestern
INSERT INTO [TTS.Play] VALUES ('M182022', 'OP182022'); -- Indiana
INSERT INTO [TTS.Play] VALUES ('M192022', 'OP192022'); -- Fairleigh Dickinson
INSERT INTO [TTS.Play] VALUES ('M202022', 'OP202022'); -- Cornell

-- Season 2021
INSERT INTO [TTS.Play] VALUES ('M012021', 'OP012021'); -- Charlotte
INSERT INTO [TTS.Play] VALUES ('M022021', 'OP022021'); -- UMBC
INSERT INTO [TTS.Play] VALUES ('M032021', 'OP032021'); -- George Mason
INSERT INTO [TTS.Play] VALUES ('M042021', 'OP042021'); -- Virginia
INSERT INTO [TTS.Play] VALUES ('M052021', 'OP052021'); -- Georgetown
INSERT INTO [TTS.Play] VALUES ('M062021', 'OP062021'); -- Michigan
INSERT INTO [TTS.Play] VALUES ('M072021', 'OP072021'); -- High Point
INSERT INTO [TTS.Play] VALUES ('M082021', 'OP082021'); -- Ohio St.
INSERT INTO [TTS.Play] VALUES ('M092021', 'OP092021'); -- Rutgers
INSERT INTO [TTS.Play] VALUES ('M102021', 'OP102021'); -- Wisconsin
INSERT INTO [TTS.Play] VALUES ('M112021', 'OP112021'); -- Northwestern
INSERT INTO [TTS.Play] VALUES ('M122021', 'OP122021'); -- Delaware
INSERT INTO [TTS.Play] VALUES ('M132021', 'OP132021'); -- Pacific
INSERT INTO [TTS.Play] VALUES ('M142021', 'OP142021'); -- Michigan St.
INSERT INTO [TTS.Play] VALUES ('M152021', 'OP152021'); -- Penn St.
INSERT INTO [TTS.Play] VALUES ('M162021', 'OP162021'); -- Indiana
INSERT INTO [TTS.Play] VALUES ('M172021', 'OP172021'); -- Northwestern
INSERT INTO [TTS.Play] VALUES ('M182021', 'OP182021'); -- LIU